<?xml version="1.0" encoding="UTF-8"?>
<project-private xmlns="http://www.netbeans.org/ns/project-private/1">
    <editor-bookmarks xmlns="http://www.netbeans.org/ns/editor-bookmarks/2" lastBookmarkId="0"/>
    <open-files xmlns="http://www.netbeans.org/ns/projectui-open-files/2">
        <group>
            <file>file:/C:/Users/pablo/OneDrive/Escritorio/Repositorio%20Github/IN5CM-Proyecto-2023198/src/org/pablocastillo/model/NivelAcceso.java</file>
            <file>file:/C:/Users/pablo/OneDrive/Escritorio/Repositorio%20Github/IN5CM-Proyecto-2023198/src/org/pablocastillo/utils/SuperKinalAlert.java</file>
            <file>file:/C:/Users/pablo/OneDrive/Escritorio/Repositorio%20Github/IN5CM-Proyecto-2023198/src/org/pablocastillo/view/LoginView.fxml</file>
            <file>file:/C:/Users/pablo/OneDrive/Escritorio/Repositorio%20Github/IN5CM-Proyecto-2023198/src/org/pablocastillo/model/Factura.java</file>
            <file>file:/C:/Users/pablo/OneDrive/Escritorio/Repositorio%20Github/IN5CM-Proyecto-2023198/src/org/pablocastillo/controller/LoginController.java</file>
            <file>file:/C:/Users/pablo/OneDrive/Escritorio/Repositorio%20Github/IN5CM-Proyecto-2023198/src/org/pablocastillo/controller/FormEmpleadosController.java</file>
            <file>file:/C:/Users/pablo/OneDrive/Escritorio/Repositorio%20Github/IN5CM-Proyecto-2023198/src/org/pablocastillo/model/Usuario.java</file>
            <file>file:/C:/Users/pablo/OneDrive/Escritorio/Repositorio%20Github/IN5CM-Proyecto-2023198/src/org/pablocastillo/controller/FormUsuarioController.java</file>
            <file>file:/C:/Users/pablo/OneDrive/Escritorio/Repositorio%20Github/IN5CM-Proyecto-2023198/src/org/pablocastillo/system/Main.java</file>
        </group>
    </open-files>
</project-private>
